{
  "ra": 0.9122465496513537,
  "dec": -0.6969462844463007,
  "delta_tc": -0.006457389096415349,
  "inspiral__coa_phase": 2.586815956120157,
  "inspiral__comoving_volume": 16595687.613067493,
  "inspiral__inclination": 2.5215290871288447,
  "inspiral__q": 1.7353853407436473,
  "inspiral__snr": 19.47502709182632,
  "inspiral__spin1_a": 0.8682998749756695,
  "inspiral__spin1_azimuthal": 5.273046584995996,
  "inspiral__spin1_polar": 1.9729369037587683,
  "inspiral__spin2_a": 0.05556640970565169,
  "inspiral__spin2_azimuthal": 2.0789606376164578,
  "inspiral__spin2_polar": 1.3733749760294445,
  "inspiral__srcmchirp": 28.02410304066494,
  "ringdown__amp220": 1.652209702951859e-20,
  "ringdown__amp221": 1.034137226179199,
  "ringdown__final_mass": 72.2337559752136,
  "ringdown__final_spin": 0.7206958553185714,
  "ringdown__inclination": 1.3573258236406052,
  "ringdown__phi220": 2.8333365224081235,
  "ringdown__phi221": 5.5393363189773375,
  "ringdown__snr": 11.332862751010591,
  "loglikelihood": -1245906.5247630482
}
